# Алиасы Санкт-Петербурга и населённые пункты Ленинградской области
# Формат: одно значение на строку, уже нормализовано

# Санкт-Петербург — все падежи
санкт петербург
санкт петербурга
санкт петербурге
санкт петербургу
санкт петербургом
# Питер — все падежи
питер
питера
питере
питеру
питером
# Петербург — все падежи
петербург
петербурга
петербурге
петербургу
петербургом
# Ленинград — все падежи
ленинград
ленинграда
ленинграде
ленинграду
ленинградом
спб
spb
saint petersburg
leningrad

# Населённые пункты Ленинградской области
бокситогорск
волосово
волхов
всеволожск
выборг
гатчина
кингисепп
кириши
кировск
коммунар
кудрово
лодейное поле
луга
мурино
новая ладога
подпорожье
приозерск
светогорск
сертолово
сланцы
сосновый бор
тихвин
тосно
шлиссельбург

# Разговорные и сленговые
спбшечка
спб сити
спбг
пб
город на неве

# Сокращения и латиница
st petersburg
sankt peterburg
peterburg
peterburg city
spb city
s pb
s_pb

# Кирилло-латинские варианты (с-пб, с.пб → одна форма)
с пб

# Опечатки «Санкт-Петербург»
санктпетербург
санкт петербурк
санкт питербург
санкт петербур
санкт петербуркг
санктпитербург
санк петербург
санкт петербуг
санкт петебург
санкт петербруг
санкт петребург
санкт петербрг
санкт петерб
санкт питер

# Опечатки «Петербург»
петербрг
петербуг
петербруг
петербрк
петербур
петербургг
петербурк
петербуркг
петерб
петрбург
петребург
петроград

# Транслитерация и фонетические варианты
сэйнт петерсбург
сейнт петерсбург

# Опечатки «Питер»
питир
питео
питерр
питераа
птитер

# Аббревиатуры-опечатки
пттр
птр
птрб
птрг
птрбург

# Опечатки «Ленинград»
лениград
лененград
ленингад
ленингр
лнг
л д
л_д

# Гомоглифы (латинские буквы вместо кириллицы)
питеp
пiтер

# Населённые пункты из spb.js
александровская пос
белоостров пос
волхонское садоводство
гамболово
горская пос
грачевка
детскосельский
динамо пос
дони снт
зеленогорск г
колпино г
комарово пос
кондакопшино
красная царская славянка
кронштадт г
ленсоветовский
лесное
ломоносов г
мартышкино
металлострой пос
молодежное пос
новокондакопшино
павловск г
песочный пос
петергоф г
петро славянка пос
понтонный пос
попово
пушкин г
пязелево пос
репино пос
рехколово снт
решетниково пос
саперный пос
серово пос
сестрорецк г
смолячково пос
солнечное пос
стрельна пос
тарховка пос
тярлево пос
усть ижора пос
ушково пос
шушары пос
